,Country,Years,Life Expectancy Trend,Life expectancy ,Adult Mortality Trend,Adult Mortality,Infant Deaths Trend,infant deaths,Alcohol Trend,Alcohol,Percentage Expenditure Trend,percentage expenditure,Hepatitis B Trend,Hepatitis B,Measles Trend,Measles ,BMI Trend, BMI ,Under-Five Deaths Trend,under-five deaths ,Polio Trend,Polio,Total Expenditure Trend,Total expenditure,Diphtheria Trend,Diphtheria ,HIV/AIDS Trend, HIV/AIDS,GDP Trend,GDP,Population Trend,Population,Income Composition of Resources Trend,Income composition of resources,Schooling Trend,Schooling
0,Afghanistan,15,10.200000000000003,58.19375,318.0,269.0625,26,78.25,0.019999999999999997,0.014375,78.290719628,34.9601100659375,6.0,64.5625,8332,2362.25,6.900000000000002,15.51875,39,107.5625,63.0,48.375,2.6899999999999995,8.2525,63.0,52.3125,0.0,0.1,644.6648700999999,340.01542546875,33478696.0,9972259.8125,0.14099999999999996,0.415375,4.6,8.2125
1,Albania,15,5.200000000000003,75.15625,98.0,45.0625,1,0.6875,2.13,4.84875,433.75994579999997,193.259090710625,3.0,98.0,662,53.375,52.2,49.06875,1,0.9375,2.0,98.125,1.04,5.945625,2.0,98.0625,0.0,0.1,4540.634487,2119.726678875,2989606.0,696911.625,0.10599999999999998,0.709875,3.5999999999999996,12.1375
2,Algeria,10,3.1000000000000085,74.2090909090909,125.0,102.8181818181818,2,20.272727272727277,0.65,0.4472727272727272,553.377160642,300.2719389816364,87.0,76.45454545454545,3289,647.0,52.6,48.87272727272728,2,23.363636363636363,9.0,93.1818181818182,3.9699999999999998,4.945454545454545,9.0,93.36363636363636,0.0,0.1,5533.703282,3261.2893743636364,39078937.0,24124739.272727277,0.06799999999999995,0.7071818181818181,2.700000000000001,13.163636363636364
3,Angola,7,7.799999999999997,50.675,27.0,362.75,20,76.625,1.9800000000000004,7.62,232.15691230000002,174.40578934875,16.0,71.0,11434,3925.625,20.3,18.45,37,118.75,18.0,70.875,1.0700000000000003,3.65375,71.0,64.0,0.6000000000000001,2.45,4118.937747999999,2935.762962375,23958950.0,10107848.375,0.07300000000000001,0.492875,3.7,9.475
4,Argentina,12,2.1000000000000085,75.23846153846154,126.0,100.3846153846154,4,10.0,0.8799999999999999,8.004615384615384,1446.74478848,838.1988886084616,85.0,80.3076923076923,17,2.0,55.800000000000004,54.48461538461538,4,11.23076923076923,8.0,94.46153846153848,3.5200000000000005,6.546153846153846,7.0,93.6923076923077,0.0,0.1,12643.198820000001,6932.546881538462,42501568.0,20847453.53846154,0.05499999999999994,0.7957692307692308,1.1999999999999993,16.630769230769232
5,Armenia,14,2.5999999999999943,73.30666666666666,130.0,117.33333333333331,0,1.0,1.3900000000000001,3.7026666666666666,292.71981639999996,139.7412466672,40.0,87.13333333333334,2281,290.3333333333333,49.0,44.02666666666666,0,1.0,88.0,88.66666666666667,2.54,4.8613333333333335,86.0,86.93333333333334,0.0,0.1,3953.4423850000003,2108.6750870933333,2977647.0,1063395.933333333,0.09999999999999998,0.6955333333333333,1.8999999999999986,11.726666666666668
6,Australia,13,6.099999999999994,81.90714285714286,69.0,62.42857142857143,0,1.0,1.2300000000000004,10.154285714285717,11688.4666281,6069.174014557143,4.0,93.42857142857144,340,105.78571428571428,59.8,54.92857142857143,1,1.3571428571428572,1.0,91.85714285714286,1.3200000000000003,8.839285714285714,2.0,92.0,0.0,0.1,67510.52097,35391.195153571425,23097940.0,3541690.5,0.03700000000000003,0.9182857142857144,1.6999999999999993,19.985714285714288
7,Austria,14,9.900000000000006,81.48,89.0,65.8,0,0.0,1.8999999999999986,12.236,8280.26452942,5257.0018005893335,65.0,80.26666666666667,448,61.8,52.0,47.66666666666666,0,0.0,27.0,85.53333333333333,10.09,4.715333333333334,17.0,86.33333333333333,0.0,0.1,50942.38304,33171.57826266667,7730009.0,6330993.933333334,0.05900000000000005,0.8604,1.4000000000000021,15.353333333333332
8,Azerbaijan,12,10.200000000000003,71.14615384615385,149.0,119.84615384615384,2,5.769230769230769,2.1300000000000003,1.0553846153846154,297.58562634000003,158.39854877846153,89.0,56.38461538461539,4353,675.9230769230769,45.9,43.4076923076923,3,6.769230769230769,89.0,74.07692307692308,3.55,5.849230769230768,19.0,82.15384615384616,0.0,0.1,7746.083476,4004.7840709615375,9287419.0,1906076.076923077,0.10099999999999998,0.7082307692307693,1.5999999999999996,11.415384615384616
9,Bangladesh,11,10.200000000000003,69.96666666666667,147.0,135.66666666666666,98,142.41666666666666,0.0,0.01,58.54475765,42.470576265,92.0,76.0,25697,5096.916666666667,6.1,14.441666666666668,143,184.83333333333331,88.0,87.66666666666667,1.29,2.9525,12.0,94.75,0.0,0.1,905.1315367999999,573.5816813916666,157432101.0,45988342.5,0.08599999999999997,0.5256666666666666,2.0999999999999996,8.866666666666667
10,Belarus,14,5.799999999999997,69.74666666666667,239.0,220.26666666666668,1,0.6,6.5699999999999985,13.497333333333334,1138.61730482,350.98288568866667,92.0,88.26666666666667,149,26.33333333333333,55.2,54.24,1,0.9333333333333332,90.0,89.26666666666667,1.9800000000000004,6.191999999999999,94.0,91.73333333333332,0.0,0.1,8255.040524,3669.0192532,8978966.0,6164016.866666666,0.121,0.7395999999999999,2.5999999999999996,14.693333333333332
11,Belgium,14,11.400000000000006,80.65333333333334,98.0,69.93333333333334,1,0.2666666666666666,2.549999999999999,11.042666666666666,6903.8430541,2551.928167206667,92.0,72.93333333333334,576,83.86666666666666,57.199999999999996,50.04,0,1.0,3.0,97.66666666666669,8.43,5.962000000000001,4.0,97.2,0.0,0.1,46097.13017,17752.534733333334,11166560.0,2324699.0,0.029000000000000026,0.8766,3.1000000000000014,16.8
12,Belize,14,1.7999999999999972,69.15333333333334,181.0,154.2,0,0.0,2.45,6.252666666666667,618.83976408,390.2330557793333,22.0,94.8,0,0.0,44.5,39.79333333333333,0,0.0,7.0,95.6,1.9200000000000004,5.039333333333333,9.0,95.26666666666668,1.4,0.4466666666666666,4404.995706,3871.8798198,325468.0,157799.86666666667,0.03799999999999992,0.6931333333333334,1.200000000000001,12.433333333333334
13,Benin,12,4.100000000000001,57.70769230769231,34.0,269.3076923076923,0,25.0,1.39,0.9515384615384614,103.156364545,47.78113220676923,75.0,61.07692307692308,1412,593.2307692307693,23.099999999999998,19.3,1,39.15384615384615,74.0,65.38461538461539,1.17,4.654615384615385,75.0,65.46153846153847,1.0,1.7076923076923076,881.8865979999999,572.4469726,9191505.0,4143771.307692308,0.068,0.4418461538461538,3.3999999999999995,9.069230769230767
14,Bhutan,14,7.700000000000003,65.92,283.0,231.53333333333333,1,0.7333333333333333,0.95,0.2786666666666667,300.080880772,143.74834128400002,16.0,93.8,756,84.86666666666666,21.3,17.12,0,1.0,89.0,88.8,4.18,5.346,13.0,93.53333333333332,0.5,0.3466666666666667,2434.8580327,1270.00973018,775653.0,472931.5333333333,0.596,0.1558666666666666,5.3,10.073333333333332
15,Bosnia and Herzegovina,10,2.200000000000003,76.18181818181819,98.0,63.54545454545455,0,0.0,1.13,4.600909090909091,729.386330241,267.945692922,85.0,70.72727272727273,3000,303.72727272727275,49.8,48.50909090909091,0,0.0,86.0,75.18181818181819,1.6600000000000001,9.184545454545455,86.0,82.0909090909091,0.0,0.1,5138.792485999999,2216.6363967272728,3777513.0,1813739.4545454544,0.742,0.5871818181818181,1.8999999999999986,13.254545454545456
16,Botswana,14,19.099999999999994,55.406666666666666,696.0,460.9333333333333,0,2.0,6.55,4.67,667.838474125,356.551435597,86.0,86.8,2672,253.7333333333333,33.8,31.866666666666667,2,3.2,1.0,96.2,1.83,5.510666666666666,2.0,95.86666666666666,36.5,17.48,7567.588906999999,4362.6610599333335,1995739.0,1119512.066666667,0.1389999999999999,0.6258666666666667,0.9000000000000004,12.106666666666666
17,Brazil,14,4.0,73.27333333333333,166.0,151.26666666666668,67,70.0,0.7300000000000004,7.213333333333334,1095.33351263,416.7419681833333,8.0,96.2,876,87.46666666666667,50.0,46.46,78,79.26666666666667,3.0,98.33333333333331,1.96,8.019333333333334,6.0,98.06666666666666,0.0,0.1,12807.885307999999,5968.888433066666,198429705.0,93830194.8,0.06999999999999995,0.7072666666666667,1.8999999999999986,14.093333333333334
18,Bulgaria,14,3.200000000000003,72.74,149.0,124.73333333333332,0,1.0,2.370000000000001,10.865333333333332,859.9137915,374.128217628,8.0,94.66666666666669,22004,1632.3333333333333,58.8,53.75333333333333,0,1.0,9.0,94.46666666666668,2.0299999999999994,7.236000000000001,8.0,94.2,0.0,0.1,7684.049331,4802.015452133333,7761039.0,5165119.466666667,0.07800000000000007,0.7521333333333333,1.9000000000000004,13.64
19,Burkina Faso,8,5.0,57.23333333333333,266.0,224.0,8,43.0,4.74,4.091111111111111,99.41249439900001,75.472462839,84.0,80.0,54106,7344.555555555556,4.200000000000001,16.644444444444446,23,74.22222222222223,85.0,64.11111111111111,2.45,6.214444444444444,84.0,81.11111111111111,1.4,1.1444444444444446,624.3064357000001,523.4402757666667,17417783.0,7680183.333333333,0.07300000000000001,0.364,3.0,6.255555555555556
20,Burundi,10,6.5,56.02727272727272,345.0,257.45454545454544,2,23.0,5.71,3.3663636363636367,39.52499523,18.98607505036364,16.0,93.27272727272728,784,180.0,4.399999999999999,15.790909090909093,6,34.54545454545455,20.0,90.9090909090909,10.19,7.818181818181818,16.0,93.27272727272728,4.1,2.536363636363636,297.1746394,151.48543103636365,8117906.0,3842748.454545455,0.125,0.3418181818181818,5.3999999999999995,8.272727272727273
21,Cabo Verde,12,5.900000000000006,72.62307692307692,136.0,110.6153846153846,0,0.0,5.2700000000000005,3.416923076923077,410.674424835,211.1392186116154,94.0,79.46153846153847,0,0.0,26.2,24.23846153846154,0,0.0,90.0,89.0,1.6399999999999997,4.717692307692308,90.0,88.6923076923077,0.7,0.5153846153846154,3404.66954,2070.3288263076925,521221.0,281645.8461538461,0.07400000000000007,0.6086153846153846,2.5,12.261538461538462
22,Cambodia,8,4.200000000000003,66.43333333333334,197.0,154.77777777777777,6,13.88888888888889,2.2300000000000004,1.4255555555555557,53.271193726999996,39.51294558011111,84.0,78.55555555555556,4779,1273.888888888889,4.599999999999998,16.48888888888889,9,16.22222222222222,87.0,76.44444444444444,2.6100000000000003,5.5088888888888885,86.0,78.77777777777777,0.9000000000000001,0.5333333333333333,787.2473299999999,527.3456185222223,14761938.0,6493229.555555556,0.07000000000000006,0.5222222222222223,0.8000000000000007,10.566666666666666
23,Cameroon,9,3.9000000000000057,54.86,391.0,305.5,11,53.2,6.180000000000001,3.985,99.936248048,53.6417383846,81.0,76.1,731,459.1,5.099999999999998,25.78,22,82.6,80.0,74.9,1.7400000000000002,4.705,81.0,69.0,3.7,5.73,1428.1525359999998,897.4261000399999,21636737.0,8580129.9,0.05099999999999999,0.4777,2.4000000000000004,9.34
24,Canada,11,7.299999999999997,82.23333333333333,71.0,66.75,0,2.0,0.7000000000000002,8.158333333333333,9646.446020200001,5313.068580983333,49.0,26.666666666666668,797,135.91666666666666,60.400000000000006,54.26666666666667,0,2.0,90.0,84.16666666666667,9.899999999999999,6.553333333333334,8.0,91.66666666666669,0.0,0.1,51952.26111,29568.930781666662,35512888.0,14844926.833333334,0.03500000000000003,0.8960833333333333,0.09999999999999964,15.85
25,Central African Republic,5,9.399999999999999,51.41666666666666,16.0,444.8333333333333,2,16.166666666666668,1.66,0.82,51.184666416,42.60445889733334,24.0,41.833333333333336,677,273.1666666666667,19.900000000000002,14.933333333333332,3,23.5,24.0,42.5,0.6200000000000001,3.8083333333333336,24.0,41.833333333333336,2.8,5.733333333333333,156.8518176,431.9617404666666,4470969.0,3072260.333333333,0.025000000000000022,0.3565,0.6999999999999993,6.8500000000000005
26,Chad,6,7.399999999999999,52.285714285714285,357.0,322.1428571428572,0,46.0,0.63,0.4642857142857143,71.540924949,44.43728938014287,35.0,27.571428571428573,8587,1527.571428571429,2.3000000000000007,17.5,2,79.14285714285714,48.0,31.857142857142858,0.7000000000000002,3.198571428571429,35.0,27.857142857142858,1.8000000000000003,3.814285714285714,904.7804243,712.2338980571429,12416652.0,7677454.571428572,0.05199999999999999,0.367,1.2999999999999998,6.8
27,Chile,8,4.099999999999994,79.94444444444444,82.0,78.33333333333333,0,2.0,1.17,7.334444444444445,2264.7295397,1039.2625075444444,86.0,75.0,6,0.7777777777777778,56.5,54.577777777777776,0,2.0,86.0,75.11111111111111,1.6100000000000003,7.035555555555556,87.0,84.44444444444444,0.0,0.1,14698.06898,6998.758676333334,15874052.0,15251788.888888888,0.04499999999999993,0.8162222222222222,1.3999999999999986,15.344444444444443
28,China,14,4.099999999999994,74.14,104.0,73.0,319,304.06666666666666,2.95,4.182,311.07579727999996,78.48934708873334,93.0,79.2,125258,67424.4,29.4,21.066666666666663,410,361.1333333333333,13.0,93.33333333333331,1.4799999999999995,4.918,14.0,92.93333333333334,0.0,0.1,7530.3414,2443.7092390000003,1323371.0,334124.73333333334,0.14,0.6553333333333333,3.5999999999999996,11.3
29,Colombia,14,3.1999999999999886,73.18666666666667,152.0,123.0,7,14.133333333333333,0.41000000000000014,4.419333333333333,1472.73400718,551.0828578293333,85.0,78.2,139,10.066666666666666,51.7,48.986666666666665,9,16.666666666666668,85.0,83.8,1.83,6.34,85.0,78.4,0.0,0.1,7829.797132,3500.1364278,47347953.0,30670015.0,0.06999999999999995,0.6790666666666667,2.5,12.14
30,Comoros,11,6.399999999999999,61.94166666666666,248.0,234.41666666666663,1,1.8333333333333333,0.26,0.1475,86.15577902400001,56.62812086166667,61.0,75.25,912,83.5,21.599999999999998,17.916666666666668,0,2.0,79.0,73.41666666666667,3.4600000000000004,5.2225,79.0,73.08333333333333,0.7000000000000001,0.2833333333333334,780.195066,679.4540850249999,751970.0,505838.5833333333,0.497,0.3913333333333333,1.9000000000000004,10.225
31,Costa Rica,14,2.0,78.52666666666667,98.0,67.66666666666667,0,1.0,1.0,3.9246666666666665,2543.34985531,1037.1830932046666,86.0,78.46666666666667,1,0.2,54.2,49.406666666666666,0,1.0,87.0,68.46666666666667,2.6100000000000003,8.620000000000001,86.0,78.93333333333334,0.0,0.1,9597.005901,4144.618256666667,4711251.0,2430729.2666666666,0.06600000000000006,0.7344,2.3000000000000007,12.746666666666666
32,Croatia,7,2.0,76.7875,102.0,60.875,0,0.0,1.0700000000000003,12.1425,2218.5170728,1795.0949734,3.0,96.5,51,9.25,57.1,47.4375,0,0.0,2.0,96.0,0.8099999999999996,7.85,2.0,96.0,0.0,0.1,14538.119739999998,12471.35417375,4413345.0,2312363.875,0.026999999999999913,0.807375,0.9000000000000004,14.5125
33,Cyprus,14,4.900000000000006,79.32,63.0,54.266666666666666,0,0.0,13.02,10.260666666666667,2342.5164087000003,994.84521588,8.0,92.33333333333331,18,2.066666666666667,7.0,56.28666666666666,0,0.0,2.0,98.06666666666666,1.7700000000000005,6.760000000000001,2.0,98.06666666666666,0.0,0.1,30670.91509,14667.137021333332,1142755.0,408493.6666666667,0.05499999999999994,0.8316666666666667,2.1999999999999993,13.466666666666669
34,Djibouti,7,9.200000000000003,62.725,44.0,272.0,0,1.0,0.15000000000000002,0.46125,209.08126212000002,131.1433668025,64.0,77.25,709,126.0,30.5,29.15,1,1.875,11.0,85.25,7.57,7.725,11.0,85.25,1.6,2.7375,1478.651076,927.463697375,903222.0,665335.0,0.051000000000000045,0.44525,1.7999999999999998,5.6375
35,Dominican Republic,14,4.299999999999997,72.24,198.0,142.93333333333334,1,6.466666666666667,1.42,6.030666666666666,1083.57135973,384.7242636126667,81.0,64.06666666666666,253,24.53333333333333,52.5,47.42666666666666,2,7.866666666666666,79.0,74.86666666666666,1.7800000000000002,4.681333333333333,19.0,83.06666666666666,2.2,1.4933333333333332,6230.226342,3312.2343555333337,9885190.0,4643325.933333334,0.06099999999999994,0.6828000000000001,1.0,12.713333333333331
36,Ecuador,14,3.200000000000003,74.62666666666668,149.0,133.06666666666666,3,7.466666666666667,0.6099999999999999,3.807333333333333,353.3398249,116.69978791066666,87.0,78.06666666666666,257,22.133333333333333,48.5,42.586666666666666,4,8.866666666666667,88.0,78.4,5.78,5.88,13.0,89.93333333333334,0.19999999999999998,0.2,6238.474966000001,2097.3344831333334,15647821.0,8215007.0,0.06899999999999995,0.6961999999999999,1.5999999999999996,12.946666666666664
37,El Salvador,14,6.099999999999994,71.62666666666668,196.0,153.53333333333333,2,2.6,0.7400000000000002,2.6926666666666668,636.0407315499999,364.340434464,90.0,85.73333333333333,2,0.1333333333333333,50.3,44.60666666666667,3,2.933333333333333,90.0,81.6,1.9899999999999993,7.1033333333333335,90.0,86.93333333333334,0.2,0.2933333333333333,3740.359371,2410.5490891333334,6274414.0,2705383.066666667,0.06900000000000006,0.6486000000000001,2.0999999999999996,12.62
38,Equatorial Guinea,0,0.0,57.9,0.0,32.0,0,3.0,0.0,0.01,0.0,13.40477417,0.0,2.0,0,13.0,0.0,24.0,0,4.0,0.0,24.0,0.0,3.8,0.0,2.0,0.0,4.4,0.0,192.59733,0.0,1129424.0,0.0,0.582,0.0,9.2
39,Eritrea,9,8.5,61.09,309.0,294.4,1,6.5,0.74,0.765,20.276786971,9.6647550206,87.0,83.3,460,124.3,3.4000000000000004,14.6,2,9.2,89.0,85.7,1.23,3.4230000000000005,89.0,77.2,1.2,1.36,561.0067339,286.94081138,4192939.0,2102662.7,0.406,0.2427,1.0,5.0600000000000005
40,Estonia,10,5.0,74.76363636363637,73.0,158.45454545454547,0,0.0,17.86,10.18909090909091,2598.9529339,1228.9721042818182,86.0,86.45454545454545,27,3.909090909090909,4.199999999999996,57.2,0,0.0,3.0,94.45454545454544,1.83,5.947272727272727,3.0,94.36363636363636,0.0,0.1,19055.990205000002,10855.738850454543,1341396.0,872838.6363636364,0.05499999999999994,0.8341818181818182,0.8000000000000007,16.19090909090909
41,Ethiopia,7,9.5,62.7375,250.0,228.0,46,160.625,1.85,1.21625,81.644776411,55.425267543625,30.0,62.5,11563,4495.25,2.6999999999999993,15.8375,84,240.0,68.0,44.25,2.58,5.32875,72.0,57.625,2.1999999999999997,1.625,519.0086872,342.07442535,97358625.0,56891499.75,0.07300000000000001,0.403625,1.3000000000000007,8.0375
42,Fiji,14,2.0,68.63333333333334,219.0,120.8,0,0.0,2.3000000000000003,1.4626666666666666,454.759254279,148.43396010339998,1.0,98.86666666666666,305,53.333333333333336,56.699999999999996,49.75333333333334,0,0.0,8.0,97.0,1.3199999999999998,3.8973333333333335,90.0,91.2,0.0,0.1,4524.797831,2815.9937821333338,795381.0,634075.5333333333,0.04599999999999993,0.7001333333333333,2.0999999999999996,14.106666666666666
43,France,14,10.200000000000003,82.20666666666666,88.0,72.8,0,3.0,2.790000000000001,12.404666666666666,6938.04877606,4001.607012409333,57.0,48.93333333333333,14949,2828.6,55.9,51.28,1,3.466666666666667,3.0,98.26666666666668,10.34,6.556,2.0,98.06666666666666,0.0,0.1,44997.07313,25794.803399333334,65684213.0,28976350.8,0.04600000000000004,0.869,0.7999999999999989,15.873333333333331
44,Gabon,9,4.100000000000001,63.0,267.0,229.6,0,2.0,9.01,7.706,794.33830366,295.697580522,75.0,62.6,122,25.3,31.999999999999996,30.57,0,3.0,73.0,61.7,1.44,3.155,75.0,63.9,8.100000000000001,7.290000000000001,9579.90657,5639.6252448,1859292.0,1183626.1,0.04700000000000004,0.6592,0.1999999999999993,12.46
45,Georgia,14,2.799999999999997,73.44666666666667,130.0,114.0,1,1.2,5.93,5.623333333333333,214.350310232,106.16076161953332,48.0,76.13333333333334,7850,1355.8,49.8,47.18,1,1.2666666666666666,85.0,80.53333333333333,8.190000000000001,7.3306666666666676,90.0,82.8,0.0,0.1,4302.290272,2051.1896525666666,44140.0,8351.133333333333,0.759,0.6719333333333334,2.0999999999999996,12.593333333333334
46,Germany,14,11.0,81.18666666666667,87.0,71.46666666666667,1,2.533333333333333,1.9700000000000006,11.628666666666668,7848.158688700001,4160.94961162,79.0,76.73333333333333,6024,1432.7333333333331,55.5,51.306666666666665,1,3.2666666666666666,3.0,94.86666666666666,10.3,4.073333333333333,88.0,89.53333333333333,0.0,0.1,43174.03387,23215.140268000003,82444351.0,35895396.53333333,0.06500000000000006,0.8925333333333333,0.8000000000000007,16.566666666666666
47,Ghana,12,11.399999999999999,61.29230769230769,268.0,196.53846153846155,5,40.23076923076923,1.77,1.226153846153846,222.040573771,91.52090853446154,90.0,65.92307692307692,12283,1396.076923076923,25.3,22.876923076923077,9,59.69230769230769,86.0,77.38461538461539,2.21,4.49,90.0,71.3076923076923,2.7,2.2153846153846155,1794.805579,880.9331944846155,26747134.0,10468674.923076924,0.09199999999999997,0.5287692307692308,4.1,9.623076923076924
48,Greece,14,9.799999999999997,81.23333333333333,76.0,73.73333333333333,1,0.2,2.4899999999999993,8.803333333333335,3560.7048183,1876.5299418066668,89.0,88.46666666666667,149,26.466666666666665,59.5,58.16,1,0.4666666666666667,90.0,90.93333333333334,2.17,9.038666666666668,10.0,96.46666666666668,0.0,0.1,30754.32837,17538.665600666667,11102753.0,1641363.4666666666,0.06799999999999995,0.8408,3.299999999999999,15.853333333333332
49,Guatemala,9,9.799999999999997,73.14,179.0,141.5,4,12.1,0.52,2.161,616.01982333,431.765546227,23.0,88.4,0,0.0,6.100000000000001,46.88,5,14.8,87.0,79.4,1.5,6.654000000000001,23.0,88.4,0.0,0.4,3409.929387,2690.7946907,15789581.0,5144815.1,0.049000000000000044,0.5952,1.0999999999999996,10.33
50,Guinea,7,2.3999999999999986,57.7125,270.0,194.625,4,28.625,0.21,0.12875,49.180138097000004,22.249982544125,13.0,59.25,261,80.75,20.4,16.5125,7,44.0,57.0,50.5,2.4299999999999997,4.5825,58.0,53.625,1.9,1.825,512.540612,311.2688578625,11423098.0,3288246.25,0.04799999999999999,0.38625,1.0,8.2375
51,Guinea-Bissau,5,2.1000000000000014,57.36666666666667,10.0,285.0,0,4.0,3.56,1.5599999999999998,52.359300594,33.350148737666665,79.0,73.0,26,4.5,3.1000000000000014,24.03333333333333,1,6.5,9.0,84.33333333333333,1.3499999999999996,6.109999999999999,79.0,73.0,2.6,5.133333333333334,631.133543,425.47065545,1570156.0,1385761.3333333333,0.01799999999999996,0.411,0.29999999999999893,9.033333333333331
52,Guyana,13,1.2999999999999972,65.61428571428571,225.0,200.14285714285717,1,0.5714285714285714,1.2199999999999998,7.461428571428571,534.457071258,213.39181988764287,89.0,87.71428571428571,0,0.0,41.6,35.69285714285714,0,1.0,89.0,88.07142857142857,2.79,6.100714285714285,89.0,87.71428571428571,1.9999999999999998,1.1142857142857143,3900.3549629999998,1675.6289787142855,755902.0,504796.5,0.030000000000000027,0.6197857142857143,1.5,10.814285714285717
53,Haiti,1,0.3999999999999986,62.900000000000006,8.0,249.0,0,14.0,5.67,2.845,0.11353711599999983,5.04648088,20.0,58.0,0,0.0,1.0999999999999943,48.25,0,19.0,12.0,61.0,0.54,7.83,20.0,58.0,0.0,0.5,1.8491386999999975,82.19024235,140690.0,1502121.0,0.0040000000000000036,0.485,0.0,9.1
54,Honduras,14,3.5,72.88666666666667,159.0,141.66666666666666,3,4.733333333333333,0.6200000000000001,3.0420000000000003,348.21041156,204.92334427066663,6.0,94.93333333333334,0,0.0,44.9,38.99333333333333,4,5.8,11.0,95.26666666666668,3.1499999999999995,8.147333333333332,6.0,95.53333333333332,1.4,0.8533333333333334,2129.257312,1361.4967173333332,8574269.0,2961423.7333333334,0.06699999999999995,0.5879333333333333,1.8999999999999986,10.866666666666667
55,India,10,4.0,66.0,212.0,116.63636363636364,643,1268.8181818181818,1.91,2.264545454545454,85.67735261899999,41.483586303181816,73.0,30.272727272727277,65741,43188.545454545456,5.100000000000001,15.454545454545457,900,1681.8181818181818,26.0,72.54545454545455,0.47000000000000064,4.356363636363636,78.0,68.0909090909091,0.09999999999999998,0.2454545454545454,1553.801125,900.0099097000001,1281460603.0,594387175.4545455,0.08899999999999997,0.5627272727272726,2.4000000000000004,10.409090909090908
56,Indonesia,14,3.6000000000000085,67.45333333333333,194.0,165.93333333333334,68,153.66666666666666,0.039999999999999994,0.0686666666666666,251.03548206,89.35286996466667,23.0,73.26666666666667,25827,16321.333333333334,24.0,19.46,95,190.0,78.0,65.8,1.12,2.6633333333333336,78.0,72.0,0.19999999999999998,0.1933333333333333,3609.0265560000003,1557.98011128,252985464.0,107114802.53333332,0.08500000000000008,0.6384666666666666,2.3000000000000007,11.526666666666667
57,Iraq,10,12.299999999999997,70.39090909090909,232.0,135.72727272727272,2,31.545454545454547,0.31,0.13,425.54697516,175.51082109545453,21.0,65.54545454545455,30313,4456.636363636364,6.600000000000001,55.17272727272727,2,38.36363636363637,71.0,53.36363636363637,2.92,4.442727272727272,22.0,68.72727272727273,0.0,0.1,6472.47498,3412.401922454545,33879577.0,14787801.545454543,0.05600000000000005,0.6406363636363637,0.6999999999999993,10.236363636363636
58,Ireland,4,5.0,83.44,62.0,55.4,0,0.0,1.3900000000000006,11.266,5913.1423918,3792.5608153,49.0,85.2,410,183.8,55.6,49.7,0,0.0,2.0,95.2,0.9799999999999995,8.222,2.0,95.2,0.0,0.1,47332.75832,32225.113914,4161070.0,3767073.0,0.015000000000000013,0.9046,0.40000000000000213,18.48
59,Israel,14,5.099999999999994,81.22,70.0,59.6,0,1.0,0.5499999999999998,2.497333333333333,4343.9902084000005,1565.371548716667,3.0,97.53333333333332,929,142.86666666666667,58.49999999999999,54.32666666666667,0,1.0,5.0,94.2,0.7599999999999998,7.478666666666667,87.0,88.6,0.0,0.1,37346.64978,17735.88291466667,81500.0,29161.666666666668,0.050000000000000044,0.8715333333333334,0.9000000000000004,15.693333333333332
60,Italy,14,9.599999999999994,82.15333333333334,71.0,54.06666666666667,1,2.066666666666667,2.829999999999999,8.266666666666667,5436.5695388,3132.946831179333,3.0,95.66666666666669,10982,2081.5333333333333,56.6,55.65333333333333,1,2.333333333333333,2.0,96.33333333333331,1.5099999999999998,8.777333333333333,10.0,94.86666666666666,0.0,0.1,38309.86577,22627.15802533333,59482120.0,29441802.73333333,0.05400000000000005,0.8565333333333333,1.8000000000000007,15.906666666666666
61,Jamaica,11,2.700000000000003,74.51666666666667,151.0,135.5,0,1.0,0.5,3.6041666666666665,421.848164066,145.98425006616665,90.0,82.5,2,0.25,48.0,45.41666666666666,0,1.0,90.0,87.5,1.6900000000000004,5.095833333333333,90.0,87.25,1.9,1.05,4799.5988370000005,2321.5420979166665,2801011.0,1292749.25,0.038000000000000034,0.7144166666666667,1.700000000000001,12.466666666666669
62,Jordan,14,2.299999999999997,72.91333333333334,121.0,114.46666666666668,0,4.0,0.20999999999999996,0.5173333333333333,688.52838634,291.8395031666667,5.0,96.86666666666666,120,28.266666666666666,58.699999999999996,52.16,0,4.0,4.0,97.0,2.67,8.781333333333333,8.0,96.86666666666666,0.0,0.1,3769.0293,1911.0057373333332,8362151.0,5160351.933333334,0.04200000000000004,0.7282,1.200000000000001,13.246666666666666
63,Kazakhstan,14,6.000000000000007,66.41333333333334,273.0,234.33333333333331,4,7.333333333333333,1.8499999999999996,6.641333333333334,797.0916751999999,216.566302464,5.0,97.26666666666668,16118,1295.0,46.699999999999996,44.626666666666665,5,8.266666666666667,5.0,97.46666666666668,1.5100000000000002,4.019333333333333,17.0,96.33333333333331,0.0,0.1,12289.539848,4299.293662,17273550.0,7726975.533333333,0.11299999999999999,0.7418666666666667,2.9000000000000004,13.96
64,Kenya,12,10.899999999999999,57.88461538461539,182.0,343.53846153846155,20,65.07692307692308,1.96,1.606923076923077,163.815810996,75.53524162107692,88.0,73.46153846153847,2395,761.6153846153846,19.2,15.223076923076924,39,97.07692307692308,90.0,73.46153846153847,1.8199999999999998,4.671538461538462,88.0,73.0,12.799999999999999,7.876923076923077,1242.829548,771.7379670538461,44789324.0,14348106.0,0.09600000000000003,0.5006923076923078,2.9000000000000004,10.123076923076924
65,Kiribati,14,2.0,65.07333333333334,220.0,124.86666666666666,0,0.0,0.75,0.4406666666666667,186.94546384999998,82.26784356799999,91.0,74.73333333333333,0,0.0,69.5,68.88666666666667,0,0.0,87.0,79.73333333333333,12.51,5.728,92.0,74.73333333333333,0.0,0.1,1650.186897,1158.6796691666668,94743.0,37564.8,0.597,0.3489333333333333,2.4000000000000004,11.68
66,Latvia,14,8.099999999999994,73.67333333333333,211.0,162.4,0,0.0,12.11,8.864,1517.9275685399998,565.9788712573334,90.0,88.6,36,3.533333333333333,53.599999999999994,50.64666666666667,0,0.0,8.0,95.06666666666666,1.4299999999999997,6.331333333333333,8.0,95.0,0.0,0.1,14975.84174,7570.840999066667,2265630.0,1121031.7333333334,0.10599999999999998,0.7901333333333334,2.6999999999999993,15.54
67,Lebanon,14,2.299999999999997,74.15333333333334,111.0,63.13333333333333,0,1.0,0.9699999999999998,1.7853333333333334,826.9223090849999,355.25114147420004,75.0,69.8,1756,312.26666666666665,59.2,54.620000000000005,0,1.0,75.0,71.0,7.800000000000001,6.6706666666666665,75.0,69.8,0.0,0.1,8703.677801999998,4952.8296808000005,4542633.0,2264946.2,0.766,0.4501333333333333,2.299999999999999,13.773333333333332
68,Lesotho,11,7.799999999999997,48.60833333333333,623.0,547.1666666666666,1,4.416666666666667,2.74,1.8658333333333332,190.524348959,103.49416651175,90.0,71.58333333333333,2488,282.5,28.8,24.58333333333333,1,6.166666666666667,86.0,69.5,10.169999999999998,7.729166666666667,87.0,77.75,25.799999999999997,22.058333333333334,1288.748051,964.83385945,2123856.0,1090569.1666666667,0.05399999999999999,0.4566666666666667,0.5999999999999996,10.791666666666666
69,Liberia,6,8.899999999999999,60.81428571428571,71.0,277.7142857142857,2,9.142857142857142,3.87,2.145714285714285,54.854411355,42.21493224071428,72.0,48.71428571428572,2200,366.1428571428572,3.3000000000000007,25.042857142857144,3,12.285714285714286,76.0,63.285714285714285,13.200000000000001,8.737142857142857,76.0,47.0,1.5,1.5714285714285714,424.79768240000004,328.76424557142855,4239124.0,2911057.714285714,0.03199999999999997,0.4091428571428571,0.40000000000000036,9.7
70,Lithuania,14,6.900000000000006,72.75333333333333,227.0,114.06666666666666,0,0.0,5.32,12.632666666666667,2168.87209129,1083.4707654013334,5.0,94.8,103,12.6,55.9,48.35333333333333,0,0.0,89.0,88.53333333333333,2.2300000000000004,6.547333333333333,6.0,94.33333333333331,0.0,0.1,16201.824052999998,8657.793962,3172537.0,2052660.2,0.09599999999999997,0.8040666666666667,2.8000000000000007,16.073333333333334
71,Luxembourg,14,10.200000000000003,80.7,91.0,67.86666666666666,0,0.0,2.120000000000001,11.922,18694.297288,8722.748097453334,18.0,92.26666666666668,8,1.2,53.5,46.92666666666666,0,0.0,3.0,98.0,1.4699999999999998,7.547333333333333,1.0,98.93333333333334,0.0,0.1,117554.24900000001,56727.49210333334,551956.0,279163.86666666664,0.04600000000000004,0.8769333333333333,0.5,13.62
72,Madagascar,12,9.700000000000003,63.215384615384615,248.0,236.92307692307693,12,34.23076923076923,1.02,0.7761538461538462,74.16975925700001,47.21737990292308,77.0,62.92307692307692,62233,8354.076923076924,17.5,15.815384615384614,24,49.76923076923077,76.0,63.38461538461539,1.9,4.591538461538462,78.0,65.23076923076923,0.39999999999999997,0.5230769230769231,413.990468,342.946791323077,21178149.0,13044397.923076924,0.05199999999999999,0.4876923076923077,2.0,9.446153846153846
73,Malawi,12,13.600000000000001,50.26153846153846,573.0,403.0,19,36.07692307692308,1.26,0.8815384615384616,78.883264478,29.77192269992308,35.0,89.6923076923077,118711,9269.0,4.399999999999999,16.953846153846154,35,56.76923076923077,20.0,90.6153846153846,11.42,6.729230769230769,35.0,89.6923076923077,19.6,16.26923076923077,485.972934,241.33739238461536,16407412.0,6336523.615384615,0.10400000000000004,0.4091538461538461,1.0999999999999996,10.16153846153846
74,Malaysia,14,2.3999999999999915,73.67333333333333,136.0,118.26666666666668,1,3.2666666666666666,0.12000000000000005,0.4906666666666667,712.1355168800001,265.477363328,3.0,95.8,6114,1462.1333333333334,35.8,30.806666666666665,1,4.133333333333334,4.0,96.2,0.9100000000000001,3.748666666666667,4.0,96.26666666666668,0.0,0.1,11038.83571,4589.025279066667,28312311.0,12049555.866666667,0.06800000000000006,0.7466,1.4000000000000004,12.526666666666667
75,Maldives,14,8.600000000000009,75.33999999999999,123.0,84.66666666666667,0,0.0,1.97,1.407333333333333,2047.449561608,668.2664757893333,3.0,97.8,1395,168.4,23.9,18.75333333333333,0,0.0,3.0,97.8,7.95,8.236666666666666,3.0,97.8,0.0,0.1,7683.86911,3513.131079133333,359.0,279.0,0.11599999999999999,0.6344666666666666,1.3999999999999986,11.953333333333337
76,Mali,11,5.799999999999997,55.4,272.0,238.83333333333331,7,55.25,0.6,0.4216666666666667,95.480922623,62.64011741508333,74.0,67.41666666666667,2937,516.5833333333334,21.0,16.95,21,94.25,72.0,63.333333333333336,0.7199999999999998,6.57,15.0,71.25,0.7000000000000002,1.7083333333333333,757.512348,593.1707930833334,16946179.0,5635677.916666667,0.11199999999999999,0.37575,2.999999999999999,6.716666666666666
77,Malta,11,8.5,80.88333333333334,16.0,63.0,0,0.0,2.4299999999999997,7.500833333333333,3397.9717071,1423.816531325,85.0,79.33333333333333,6,1.8333333333333333,5.300000000000004,66.73333333333333,0,0.0,27.0,87.5,1.799999999999999,8.929166666666667,27.0,87.33333333333333,0.0,0.1,21302.297300000002,10326.001069166668,422826.0,227060.0833333333,0.05699999999999994,0.8148333333333334,1.0,14.416666666666666
78,Mauritania,9,7.799999999999997,63.17,197.0,160.4,0,8.0,0.01,0.012,73.5727973,43.1102856138,76.0,56.1,1288,212.3,26.299999999999997,24.42,0,12.0,76.0,57.5,1.3399999999999999,3.489,76.0,59.1,0.4,1.2,1279.948793,742.27432619,3686300.0,928198.2,0.04799999999999999,0.4825,1.4000000000000004,7.590000000000001
79,Mauritius,14,3.200000000000003,72.58666666666666,32.0,164.73333333333332,0,0.0,4.59,2.9066666666666667,918.699189027,450.3888259188667,11.0,96.13333333333334,777,57.93333333333333,29.599999999999998,25.49333333333333,0,0.0,11.0,96.4,1.5100000000000002,4.524666666666667,11.0,96.26666666666668,0.1,0.1066666666666666,9628.888568,5036.077329199999,1257399.0,699137.4,0.10199999999999998,0.7188666666666667,2.5999999999999996,13.42
80,Mexico,14,1.7999999999999972,75.65333333333334,117.0,110.33333333333331,24,40.266666666666666,0.5900000000000007,5.114,1106.96769582,496.34932884000006,17.0,95.26666666666668,64,11.733333333333333,56.699999999999996,50.61333333333334,30,47.266666666666666,16.0,95.6,1.6199999999999992,6.074,16.0,95.53333333333332,0.0,0.1,9161.551559,4915.0776276,122416052.0,28584952.933333334,0.06000000000000005,0.7269333333333333,1.6999999999999993,12.26
81,Mongolia,14,5.6000000000000085,65.69333333333333,259.0,222.13333333333333,1,1.6,5.79,2.354,258.68615648,134.80358825533332,6.0,97.33333333333331,10677,860.6,47.0,38.93333333333333,2,2.0,5.0,97.46666666666668,1.9699999999999998,5.180666666666666,5.0,97.26666666666668,0.0,0.1,4120.025696,1854.0549642266667,2668084.0,1974843.6,0.14700000000000002,0.6573333333333333,5.9,12.526666666666667
82,Montenegro,8,2.1000000000000085,75.06666666666666,114.0,72.33333333333333,0,0.0,6.55,4.014444444444445,236.3473065,650.7324444555555,84.0,44.77777777777778,5,1.1111111111111112,55.099999999999994,47.0,0,0.0,86.0,83.77777777777777,1.9699999999999998,6.843333333333334,86.0,84.0,0.0,0.1,2994.7493189999996,6613.087640666667,613167.0,296548.7777777777,0.052000000000000046,0.7833333333333334,1.9000000000000004,14.555555555555555
83,Morocco,14,8.400000000000006,72.01333333333334,144.0,95.2,9,21.666666666666668,0.19,0.5186666666666667,189.26497823600002,109.85563552826667,90.0,86.46666666666667,10841,2764.733333333333,51.7,47.96,11,25.2,8.0,96.8,1.9700000000000006,5.442666666666667,8.0,97.06666666666666,0.0,0.1,2940.757925,1875.665163,33789552.0,21732209.4,0.121,0.5815333333333333,4.1,10.166666666666666
84,Mozambique,13,8.5,53.40714285714286,430.0,230.14285714285717,29,74.28571428571429,2.1500000000000004,1.275,66.536871565,38.955279798214285,54.0,72.14285714285714,28894,4879.0,20.099999999999998,15.657142857142857,48,107.07142857142856,12.0,73.35714285714286,2.0700000000000003,5.9592857142857145,77.0,72.14285714285714,12.200000000000001,11.864285714285714,570.1593951000001,359.6521850357143,27183145.0,13251896.92857143,0.11099999999999999,0.362,3.7,8.092857142857143
85,Myanmar,11,7.200000000000003,64.43333333333334,275.0,129.41666666666666,29,54.25,0.69,0.3441666666666667,44.807313969999996,16.44521132783333,88.0,63.5,2053,877.1666666666666,20.4,17.325,44,73.91666666666667,83.0,66.08333333333333,0.8200000000000001,2.004166666666667,79.0,69.58333333333333,0.3,0.5083333333333333,1221.442782,682.3724521666667,51874313.0,29934390.416666668,0.10200000000000004,0.4984166666666667,1.3999999999999995,8.450000000000001
86,Namibia,4,3.0999999999999943,65.02000000000001,67.0,254.6,1,2.8,7.83,3.09,788.977191369,607.2753009062001,7.0,85.2,3059,961.6,3.099999999999998,33.32,1,3.6,6.0,85.8,1.04,8.474,7.0,85.2,4.0,3.86,5692.476127999999,4381.4956774,2046617.0,1033303.2,0.028000000000000025,0.6184000000000001,0.29999999999999893,11.54
87,Nepal,11,5.299999999999997,67.14166666666667,197.0,141.0,20,26.666666666666668,0.26,0.2075,109.33193748000001,48.297383905416666,90.0,63.25,13155,3835.25,5.6,15.666666666666666,28,34.583333333333336,85.0,73.16666666666667,1.25,5.995833333333334,84.0,72.5,0.1,0.175,643.3867842,404.5892186083333,25827618.0,12865064.75,0.09400000000000003,0.5019166666666667,3.200000000000001,10.683333333333332
88,Netherlands,3,0.6000000000000085,81.325,57.0,47.25,0,1.0,9.040000000000001,6.675000000000001,444.33336099999997,1294.1902535,90.0,36.75,2622,708.25,55.1,47.25,0,1.0,1.0,96.75,9.870000000000001,6.4825,1.0,96.75,0.0,0.1,46802.8151,39640.341955,16586304.0,5069356.5,0.01200000000000001,0.91925,0.9000000000000021,17.875
89,Nicaragua,14,5.0,73.36,181.0,163.53333333333333,2,3.1333333333333333,0.4700000000000002,3.5966666666666667,471.031468507,195.9071014920667,19.0,91.46666666666668,0,0.0,48.0,41.92666666666666,2,3.8,91.0,87.46666666666667,4.140000000000001,6.730666666666667,19.0,91.46666666666668,0.30000000000000004,0.2333333333333333,1964.317493,1002.0331366,5940572.0,2128621.066666667,0.07399999999999995,0.6009333333333333,1.5,11.073333333333332
90,Niger,5,11.899999999999999,61.35,40.0,239.66666666666663,2,49.66666666666666,0.13999999999999999,0.0683333333333333,28.920894551,18.055958690166666,68.0,59.833333333333336,952,763.6666666666666,2.0,17.900000000000002,11,92.33333333333331,71.0,57.333333333333336,1.1600000000000001,6.305,68.0,59.833333333333336,0.6000000000000001,0.75,372.50188199999997,319.3888935666667,17383583.0,14885058.666666666,0.03799999999999998,0.3265,1.0999999999999996,4.866666666666666
91,Nigeria,9,9.799999999999997,52.84,392.0,340.2,66,523.7,9.700000000000001,8.177000000000001,256.794850313,122.4236823627,45.0,42.3,110223,21896.4,22.3,20.15,134,825.4,60.0,45.6,1.17,3.831,59.0,43.7,1.5000000000000004,4.75,3133.7842542,1675.52308158,165762545.0,54593052.2,0.057999999999999996,0.4908,1.0999999999999996,9.41
92,Pakistan,11,3.3000000000000043,64.71666666666667,183.0,159.0,13,366.8333333333333,0.03,0.0291666666666666,61.62609587,31.243363968,75.0,66.91666666666667,7886,4272.916666666667,22.599999999999998,18.075,24,457.5833333333333,75.0,62.583333333333336,0.8399999999999999,2.95,20.0,72.25,0.0,0.1,1302.847392,678.42911945,185530474.0,65680834.25,0.07700000000000001,0.5095,2.2,6.933333333333334
93,Panama,13,2.0999999999999943,76.45,115.0,115.35714285714286,1,1.0714285714285714,1.5200000000000005,6.257142857142857,1835.1432675390001,650.6910598436428,90.0,79.07142857142857,4,0.2857142857142857,51.800000000000004,48.95,1,1.7142857142857142,91.0,84.57142857142857,2.5900000000000007,7.719285714285715,91.0,79.21428571428571,0.1,0.1214285714285714,12147.364567,5250.254728142857,3509288.0,1948411.0,0.05900000000000005,0.7479285714285714,0.5999999999999996,12.80714285714286
94,Papua New Guinea,14,9.100000000000001,61.6,306.0,266.0,1,10.666666666666666,0.87,0.5806666666666668,196.17564033,80.39518042866666,67.0,56.333333333333336,17620,2504.0,43.5,40.266666666666666,2,13.866666666666667,73.0,61.8,4.41,5.462666666666666,24.0,68.06666666666666,0.8,1.2066666666666668,2105.1392164000004,758.0976163466668,7694061.0,4606354.066666666,0.09300000000000003,0.4629333333333333,3.8,8.446666666666667
95,Paraguay,11,2.200000000000003,72.84166666666667,151.0,144.66666666666666,1,3.083333333333333,6.63,5.3175,552.83386793,251.36641466416663,83.0,81.25,0,0.0,8.100000000000001,45.30833333333334,1,3.5,90.0,81.33333333333333,8.48,6.6000000000000005,13.0,89.91666666666667,0.1,0.1416666666666667,4564.29476,2266.998293166667,6495789.0,3752967.4166666665,0.04899999999999993,0.6605,0.7999999999999989,12.233333333333334
96,Peru,11,3.200000000000003,73.89166666666667,138.0,116.33333333333331,7,10.833333333333334,5.37,4.278333333333333,939.02533977,502.7228562425,30.0,89.91666666666667,1,0.0833333333333333,49.699999999999996,43.675,9,13.833333333333334,29.0,86.66666666666667,1.0,4.929166666666666,18.0,90.41666666666669,0.30000000000000004,0.2666666666666666,6364.856278,3546.349758916667,29730832.0,15287897.25,0.04999999999999993,0.7065,0.5999999999999996,13.225
97,Philippines,14,1.6000000000000085,67.51333333333334,9.0,218.4,15,61.8,0.9399999999999995,4.510666666666666,212.64197661,95.52700888186668,82.0,65.86666666666666,58839,7579.733333333334,22.7,18.773333333333333,22,79.66666666666667,82.0,78.13333333333334,1.92,3.905333333333333,24.0,84.0,0.0,0.1,2841.257003,1298.3892891333337,96754393.0,38968669.73333333,0.05800000000000005,0.6485333333333333,0.29999999999999893,11.533333333333331
98,Poland,14,3.5999999999999943,75.52666666666667,141.0,106.93333333333334,1,2.2666666666666666,3.8900000000000006,9.998666666666669,1290.0142010999998,331.39441971733334,4.0,97.46666666666668,133,50.6,54.7,53.2,2,2.7333333333333334,5.0,97.06666666666666,1.62,6.379333333333333,1.0,98.8,0.0,0.1,14246.902399999999,6407.668667133333,37877373.0,14591038.8,0.07299999999999995,0.8106000000000001,1.799999999999999,15.173333333333334
99,Portugal,14,12.400000000000006,79.92,90.0,57.73333333333333,1,0.2,4.33,12.211333333333334,3485.5413152,1722.55684898,91.0,86.93333333333334,45,7.2,54.4,42.43333333333333,1,0.4,5.0,96.4,8.56,7.952666666666667,6.0,96.93333333333334,0.0,0.1,23663.29159,12243.688499999998,1554085.0,1091982.0,0.05999999999999994,0.8026,1.4000000000000004,15.893333333333334
100,Romania,14,6.900000000000006,73.98666666666666,44.0,157.6,2,2.8666666666666667,11.89,8.968666666666667,1229.171821828,454.9724098588,5.0,97.33333333333331,7442,1456.4666666666667,8.5,55.28666666666666,3,3.333333333333333,11.0,95.13333333333334,1.5,5.2780000000000005,10.0,95.4,0.0,0.1,9572.989263,3945.6168184,22417136.0,8499069.933333334,0.09500000000000008,0.7602666666666666,4.300000000000001,13.873333333333331
101,Russian Federation,13,8.400000000000006,67.44285714285715,324.0,238.14285714285717,8,16.571428571428573,2.0700000000000003,11.195714285714288,1526.855243852,356.6346554455714,55.0,92.0,4684,1444.2857142857142,5.699999999999996,56.614285714285714,10,19.142857142857142,1.0,97.64285714285714,2.71,6.280714285714287,2.0,97.21428571428572,0.30000000000000004,0.2785714285714286,15522.314144,6687.236626642857,143219669.0,57724794.71428572,0.08300000000000007,0.7629285714285715,2.4000000000000004,13.771428571428572
102,Rwanda,12,16.0,60.46153846153846,392.0,219.84615384615384,19,19.53846153846154,8.33,5.514615384615384,77.80866188899999,23.40426793753846,11.0,95.84615384615384,2733,392.46153846153845,17.4,14.438461538461535,34,29.76923076923077,14.0,94.76923076923076,7.29,6.666153846153846,11.0,95.84615384615384,7.699999999999999,4.138461538461538,683.2081293,345.4767288846154,11252699.0,3632541.0,0.14499999999999996,0.4261538461538461,3.6000000000000005,9.546153846153846
103,Samoa,14,7.599999999999994,73.59333333333333,159.0,134.13333333333333,0,0.0,4.16,2.704,677.0979784,271.57015251666667,83.0,54.66666666666666,8,0.6,67.0,62.120000000000005,0,0.0,88.0,57.0,2.7699999999999996,5.325333333333333,69.0,62.73333333333333,0.0,0.1,4079.865213,1986.4377954666668,171733.0,127285.53333333334,0.06099999999999994,0.6768666666666667,0.9000000000000004,12.626666666666669
104,Sao Tome and Principe,11,3.8999999999999986,65.55,204.0,162.08333333333334,0,0.0,6.53,3.915000000000001,218.235373754,65.19987203466667,92.0,82.25,0,0.0,26.2,23.683333333333334,0,0.0,5.0,97.08333333333331,9.719999999999999,7.286666666666666,5.0,96.66666666666669,1.4000000000000001,0.9083333333333332,1740.0171639999999,777.8206637499999,189478.0,103811.08333333331,0.05800000000000005,0.5334166666666668,1.4000000000000004,10.383333333333333
105,Senegal,10,6.700000000000003,63.78181818181818,245.0,165.45454545454547,5,21.363636363636363,0.08999999999999997,0.3018181818181818,95.01717926699999,20.033303361,40.0,86.18181818181819,999,144.63636363636363,21.5,18.036363636363635,15,33.63636363636363,17.0,85.9090909090909,1.37,4.86,10.0,89.18181818181819,0.39999999999999997,0.5181818181818182,762.5330913,198.57124413636365,14532720.0,6191625.454545454,0.07500000000000001,0.443,2.8999999999999995,7.481818181818181
106,Serbia,10,2.4000000000000057,74.19090909090909,13.0,129.36363636363637,0,1.0,2.4299999999999997,9.193636363636363,906.701870669,592.6531089228182,34.0,90.45454545454544,370,58.81818181818182,6.100000000000001,56.39090909090908,0,1.0,7.0,94.9090909090909,8.780000000000001,5.684545454545455,10.0,93.27272727272728,0.0,0.1,6361.118562,4259.174557727273,7389870.0,3674745.727272727,0.051000000000000045,0.750090909090909,1.200000000000001,13.61818181818182
107,Seychelles,14,1.2000000000000028,72.32,171.0,160.73333333333332,0,0.0,11.14,6.201333333333333,1508.72950519,497.9524500186666,3.0,98.73333333333332,10,0.7333333333333333,33.1,27.80666666666667,0,0.0,3.0,98.6,2.1599999999999997,3.802,3.0,98.6,0.0,0.1,15502.66348,6826.7582902,90513.0,59418.8,0.766,0.6848,1.4000000000000004,12.826666666666666
108,Sierra Leone,7,8.700000000000003,48.425,418.0,335.25,6,26.25,3.9600000000000004,2.42375,53.344453424,27.265818059625,29.0,83.125,1865,591.0,21.6,17.475,13,38.625,29.0,82.125,12.010000000000002,7.94625,28.0,83.25,1.6,1.375,516.7700059,250.3258313375,6548566.0,2031191.625,0.069,0.389375,1.3000000000000007,8.8125
109,Solomon Islands,14,3.0,67.61333333333333,233.0,137.6,0,0.0,1.2,0.8006666666666666,321.393035801,119.49590994193336,90.0,77.33333333333333,0,0.0,45.300000000000004,41.42,0,0.0,90.0,87.0,3.3600000000000003,6.267333333333334,90.0,73.86666666666666,0.0,0.1,1829.0372459999999,727.2122833866666,522244.0,311815.0,0.07,0.478,3.0,8.573333333333332
110,South Africa,14,15.299999999999997,57.14,450.0,418.4,13,49.13333333333333,1.7599999999999998,7.588666666666667,1043.9910296100002,657.4502864193333,76.0,65.93333333333334,12474,1605.2666666666669,45.4,37.28666666666666,32,71.0,72.0,64.66666666666667,1.37,8.306000000000001,75.0,69.86666666666666,26.0,19.486666666666668,7210.938398,4809.404007933334,54142016.75,30793963.650666665,0.051000000000000045,0.6266666666666667,0.1999999999999993,12.886666666666668
111,Spain,14,9.900000000000006,82.02,80.0,64.13333333333334,1,1.6666666666666667,12.25,10.024,5553.546726750001,2488.192196143333,20.0,92.2,3802,472.2,59.5,58.14,1,1.9333333333333331,4.0,96.73333333333332,2.3500000000000005,8.536666666666667,3.0,96.73333333333332,0.0,0.1,35282.263940000004,16520.767342666666,46276452.0,25215864.6,0.05700000000000005,0.8484666666666667,2.0000000000000018,16.266666666666666
112,Sri Lanka,11,5.6000000000000085,73.46666666666667,59.0,152.66666666666666,3,3.8333333333333335,1.4699999999999998,2.224166666666666,178.33583701,65.19315747416667,67.0,89.91666666666667,2107,348.6666666666667,20.2,17.433333333333334,7,4.666666666666667,2.0,98.33333333333331,1.3899999999999997,3.758333333333333,2.0,98.41666666666669,0.0,0.1,2644.841961,850.8843830166667,18016.0,9513.333333333334,0.06300000000000006,0.7314166666666666,1.3000000000000007,13.333333333333334
113,Suriname,9,7.099999999999994,71.03999999999999,180.0,137.9,0,0.0,1.8500000000000005,5.275,1095.523927,738.9197201750001,4.0,84.9,0,0.0,6.600000000000001,54.42,0,0.0,12.0,85.9,1.21,6.127,13.0,86.0,1.0999999999999999,0.61,9036.54383,6166.0952301,542491.0,231828.6,0.04999999999999993,0.6974,1.3999999999999986,12.14
114,Swaziland,14,12.799999999999997,50.82,581.0,336.7333333333333,1,2.6666666666666665,7.180000000000001,4.463333333333334,732.889973326,296.6396940069333,89.0,80.46666666666667,350,52.4,28.6,25.046666666666667,1,3.733333333333333,13.0,89.33333333333333,4.55,7.308666666666666,14.0,88.73333333333333,43.300000000000004,34.666666666666664,3911.27876,2100.301886,1269563.0,478995.8666666666,0.049000000000000044,0.514,2.3000000000000007,10.28
115,Sweden,3,0.5999999999999943,81.9,4.0,56.5,0,0.0,0.10000000000000053,7.35,10335.454697000001,6194.892275,25.0,57.25,25,33.25,1.2999999999999972,58.325,0,0.0,0.0,98.0,0.27000000000000135,11.85,0.0,98.0,0.0,0.1,53675.08813,32232.3770775,9422995.0,5008644.25,0.0050000000000000044,0.9035,0.1999999999999993,15.85
116,Syrian Arab Republic,7,1.2000000000000028,73.1625,15.0,130.25,2,9.0,0.58,1.11125,112.44103557,78.598971265,75.0,63.375,655,407.375,5.5,46.5125,3,10.5,3.0,84.125,1.4,4.49875,76.0,54.75,0.0,0.1,1613.3934319999998,1087.435773875,18736186.0,9620289.5,0.05600000000000005,0.61075,1.5,10.6375
117,Tajikistan,12,5.299999999999997,66.85384615384615,32.0,176.0,2,10.307692307692308,0.59,0.2869230769230769,70.46700505,20.48846684823077,58.0,83.53846153846153,2144,238.30769230769232,7.799999999999997,35.55384615384615,4,12.307692307692308,21.0,88.23076923076923,2.42,5.806923076923076,14.0,89.53846153846153,0.09999999999999998,0.2538461538461538,940.5108409999999,330.65675725384614,8355188.0,4655713.769230769,0.07899999999999996,0.5886153846153847,1.5,10.792307692307691
118,Thailand,14,3.5,72.96000000000001,178.0,161.2,10,12.4,0.6799999999999997,6.131333333333333,800.77481724,428.0106276266667,4.0,96.86666666666666,10315,4589.133333333333,30.2,20.793333333333333,11,14.466666666666669,2.0,98.26666666666668,0.8500000000000001,3.757333333333333,3.0,98.13333333333334,0.7000000000000001,0.4066666666666666,6143.697618,3340.1096061333333,67764541.0,33202771.73333333,0.09699999999999998,0.6918000000000001,2.799999999999999,12.48
119,Timor-Leste,6,1.7999999999999972,67.14285714285714,13.0,161.28571428571428,0,2.0,0.49,0.1114285714285714,35.857195847999996,25.12963695371429,16.0,76.0,763,127.14285714285714,2.3000000000000007,15.842857142857143,1,2.571428571428572,17.0,76.57142857142857,0.74,1.07,16.0,76.0,0.0,0.1,1038.95399,679.2162478285715,1195003.0,543000.2857142857,0.05400000000000005,0.603,0.8000000000000007,12.314285714285717
120,Togo,6,3.5,58.08571428571429,310.0,271.85714285714283,1,13.857142857142858,1.43,0.75,72.218162101,46.10098578557143,63.0,75.0,457,328.2857142857143,21.3,16.87142857142857,2,21.0,77.0,72.42857142857143,1.5299999999999994,5.49,9.0,83.14285714285714,3.8,2.814285714285714,517.3030011,466.9368799142857,6595443.0,4136978.142857143,0.033999999999999975,0.4568571428571428,1.9000000000000004,11.314285714285717
121,Tonga,14,1.7000000000000028,72.46666666666667,144.0,129.4,0,0.0,2.04,1.1673333333333331,685.160216737,345.39663245673336,85.0,75.33333333333333,4,0.2666666666666666,67.7,62.126666666666665,0,0.0,82.0,81.46666666666667,2.01,5.206,83.0,69.8,0.0,0.1,4228.7106109999995,2080.7405061333334,99654.0,27271.533333333333,0.04399999999999993,0.6975333333333332,1.4000000000000004,14.213333333333331
122,Trinidad and Tobago,12,8.799999999999997,71.36153846153846,173.0,169.69230769230768,0,0.0,1.8200000000000003,6.264615384615384,1890.8420466900002,645.2870365223077,90.0,58.46153846153846,0,0.0,41.8,37.58461538461539,1,0.1538461538461538,87.0,79.61538461538461,2.0699999999999994,5.34,87.0,66.76923076923077,1.8,0.5846153846153845,21058.59943,7612.805153692307,1341212.0,846862.7692307692,0.05700000000000005,0.7577692307692309,0.7999999999999989,12.392307692307693
123,Tunisia,14,2.1999999999999886,74.29333333333334,101.0,19.933333333333334,1,3.2666666666666666,0.29000000000000004,1.3106666666666666,570.12751596,391.1906778413333,7.0,96.66666666666669,230,34.333333333333336,53.699999999999996,47.39333333333333,2,3.733333333333333,4.0,97.66666666666669,1.9699999999999998,6.052666666666667,4.0,97.66666666666669,0.0,0.1,3857.5299499999996,2991.7591949333337,9927917.0,2741215.333333333,0.07599999999999996,0.6906,1.8999999999999986,14.02
124,Turkey,14,6.799999999999997,73.78666666666666,129.0,103.86666666666666,28,27.73333333333333,0.28,1.4213333333333331,1274.744802225,270.3116560363333,29.0,86.4,30509,5601.666666666667,59.099999999999994,55.766666666666666,35,33.2,89.0,79.73333333333333,1.8499999999999996,5.617999999999999,89.0,79.66666666666667,0.0,0.1,12478.206119999999,4117.5438572,75712901.0,30516678.2,0.118,0.6992666666666667,3.8000000000000007,12.553333333333336
125,Turkmenistan,12,2.700000000000003,64.6,226.0,213.6153846153846,1,6.538461538461538,0.6000000000000001,2.6592307692307693,690.774702079,216.1605738600769,3.0,97.15384615384616,59,9.23076923076923,43.7,37.36153846153846,0,8.0,33.0,95.23076923076924,2.42,2.6630769230769227,16.0,96.23076923076924,0.0,0.1,7935.994396,2487.3434116153844,5461629.0,2464749.230769231,0.683,0.2075384615384615,0.6000000000000014,10.484615384615385
126,Uganda,12,18.200000000000003,56.51538461538462,485.0,263.0,44,87.53846153846153,10.41,7.67076923076923,113.512066158,54.88484667792307,74.0,62.30769230769231,49849,8210.692307692309,4.500000000000002,15.66153846153846,84,134.69230769230768,75.0,65.6923076923077,3.9799999999999995,8.776923076923076,74.0,65.61538461538461,6.8,7.453846153846154,694.9303461000001,426.9431610461539,38473851.0,16995441.615384616,0.07899999999999996,0.4506923076923076,1.5999999999999996,10.684615384615386
127,Ukraine,14,11.0,69.84666666666666,255.0,206.46666666666667,2,5.133333333333334,5.150000000000001,7.369333333333333,450.794817072,180.72248552206668,94.0,56.8,42724,5747.866666666667,53.5,50.2,3,6.0,54.0,83.46666666666667,2.2199999999999998,6.777333333333333,94.0,73.13333333333334,0.8,0.56,3812.639987,1540.8020394666669,49130087.0,10370900.2,0.07699999999999996,0.7144666666666667,2.0,14.56
128,Uruguay,14,1.9000000000000057,76.01333333333334,20.0,120.2,1,0.6,1.6499999999999995,6.172666666666667,2317.05974526,663.2948473600001,5.0,94.26666666666668,0,0.0,57.3,52.18666666666666,1,0.8,5.0,94.2,5.07,8.75,87.0,88.73333333333333,0.0,0.1,16801.55934,6637.1010348,3416061.0,2327785.7333333334,0.05300000000000005,0.7637333333333333,1.6999999999999993,15.213333333333331
129,Uzbekistan,12,2.1000000000000085,68.04615384615384,9.0,184.53846153846155,11,21.384615384615383,2.8200000000000003,1.6153846153846154,140.247725996,47.523225473,37.0,95.3846153846154,863,247.0,39.9,34.00769230769231,14,24.923076923076923,5.0,98.46153846153848,1.38,5.6923076923076925,3.0,98.3076923076923,0.30000000000000004,0.223076923076923,1539.518531,558.8419119153846,2622658.0,894155.3076923077,0.08999999999999997,0.6428461538461538,1.0999999999999996,11.761538461538462
130,Vanuatu,14,9.0,71.34666666666666,161.0,146.2,0,0.0,1.23,0.8066666666666666,542.9159519799999,301.1474622613333,62.0,55.6,165,19.666666666666668,46.7,43.65333333333333,0,0.0,2.0,66.26666666666667,1.9200000000000004,3.9286666666666665,64.0,58.73333333333333,0.0,0.1,3117.3896,2114.5396100000003,250205.0,129538.4,0.596,0.3521333333333333,1.200000000000001,10.553333333333336
131,Zambia,9,13.700000000000003,57.25,509.0,370.0,6,30.5,2.58,2.113,195.055245861,121.3756048569,86.0,75.9,15745,3113.3,20.6,16.9,14,46.9,86.0,59.6,3.3,5.12,86.0,75.9,12.7,9.53,1725.728001,1009.52997444,14561404.0,7338203.1,0.10299999999999992,0.5225,1.8000000000000007,11.68
132,Zimbabwe,14,14.900000000000006,49.38666666666666,716.0,470.8,7,26.866666666666667,4.82,4.482,92.60233636,21.72188955613333,90.0,69.46666666666667,9696,984.5333333333332,28.0,24.69333333333333,12,41.4,88.0,74.8,2.66,6.158666666666666,88.0,74.4,37.2,24.4,898.300126,430.4659513533333,15286150.0,7504269.2,0.09199999999999997,0.4346,1.200000000000001,9.793333333333331
